Workbook

Sheet Result
A1: MyMethod | B1: DH | C1: -TDS(WEIE) | D1: DG | F1: Normal | G1: DE | H1: -TDS | I1: DG | K1: atom | L1: Ligand | M1: Exp | N1: Normal | O1: MM-STEG(new) | P1: standard corrected | Q1: const offset | R1: sasa
A2: CAO | B2: -13.421758 | C2: =CAQ!H4 -> 3.5053808 | D2: =SUM(B2:C2) -> -9.9163772 | F2: CAO | G2: -13.84 | H2: 4.74 | I2: =G2+H2 -> -9.1 | K2: 14 | L2: CAQ | M2: -4.16 | N2: =I2 -> -9.1 | O2: =G2/2 -> -6.92 | P2: =O2+Q27 -> -10.009407 | Q2: 0 | R2: -13.919496 | X2: 1 | Y2: 3
A3: IPH | B3: -12.737174 | C3: =IPH!H4 -> 6.2659791 | D3: =SUM(B3:C3) -> -6.4711949 | F3: IPH | G3: -13.86 | H3: 5.7 | I3: =G3+H3 -> -8.16 | K3: 13 | L3: IPH | M3: -5.24 | N3: =I3 -> -8.16 | O3: =G3/2 -> -6.93 | P3: =O3+Q28 -> -10.025533 | X3: 2 | Y3: 4
A4: JZ0 | B4: -13.649024 | C4: =JZ0!H4 -> 6.1389612 | D4: =SUM(B4:C4) -> -7.5100628 | F4: JZ0 | G4: -15.16 | H4: 6.19 | I4: =G4+H4 -> -8.97 | K4: 16 | L4: JZ0 | M4: -4.44 | N4: =I4 -> -8.97 | O4: =G4/2 -> -7.58 | P4: =O4+Q29 -> -10.685413 | X4: 3 | Y4: 6
A5: JZ1 | B5: -14.909674 | C5: ='JZ1'!H4 -> 4.5677506 | D5: =SUM(B5:C5) -> -10.341923 | F5: JZ1 | G5: -16.3 | H5: 4.71 | I5: =G5+H5 -> -11.59 | K5: 19 | L5: JZ1 | M5: -4.57 | N5: =I5 -> -11.59 | O5: =G5/2 -> -8.15 | P5: =O5+Q30 -> -11.242714 | X5: 4 | Y5: 8
A6: JZ2 | B6: -14.817086 | C6: ='JZ2'!H4 -> 3.6799 | D6: =SUM(B6:C6) -> -11.137186 | F6: JZ2 | G6: -16.67 | H6: 2.24 | I6: =G6+H6 -> -14.43 | K6: 16 | L6: JZ2 | M6: -5.04 | N6: =I6 -> -14.43 | O6: =G6/2 -> -8.335 | P6: =O6+Q31 -> -11.435668 | X6: 5 | Y6: 4
A7: JZ3 | B7: -13.17524 | C7: ='JZ3'!H4 -> 5.5280215 | D7: =SUM(B7:C7) -> -7.6472185 | F7: JZ3 | G7: -12.61 | H7: 5.26 | I7: =G7+H7 -> -7.35 | K7: 17 | L7: JZ3 | N7: =I7 -> -7.35 | O7: =G7/2 -> -6.305 | P7: =O7+Q32 -> -9.3910825 | X7: 6 | Y7: 3
A8: JZ4 | B8: -15.869794 | C8: ='JZ4'!H4 -> 4.9557984 | D8: =SUM(B8:C8) -> -10.913996 | F8: JZ4 | G8: -17.99 | H8: 5.34 | I8: =G8+H8 -> -12.65 | K8: 22 | L8: JZ4 | M8: -5.33 | N8: =I8 -> -12.65 | O8: =G8/2 -> -8.995 | P8: =O8+Q33 -> -12.100182 | X8: 7 | Y8: 6
A9: Lig | B9: -13.29652 | C9: =Lig!H4 -> 5.8346181 | D9: =SUM(B9:C9) -> -7.4619019 | F9: Lig | G9: -14.91 | H9: 5.72 | I9: =G9+H9 -> -9.19 | K9: 20 | L9: Lig | M9: -4.02 | N9: =I9 -> -9.19 | O9: =G9/2 -> -7.455 | P9: =O9+Q34 -> -10.547478
B10: =AVERAGE(B2:B9) -> -13.984534 | G10: =AVERAGE(G2:G9) -> -15.1675
A12: GFN2-xTB/ALPB(water) | D12: Complex | E12: Protein | F12: Ligand | G12: DH
A13: CAO | B13: 20 | C13: 0 | D13: -1803.3319 | E13: -1779.2873 | F13: -24.023189 | G13: -13.421758 | K13: CAO | L13: -24.039679 | M13: -15085.126
A14: IPH | B14: 20 | C14: 0 | D14: -1799.2669 | E14: -1779.3008 | F14: -19.94586 | G14: -12.737174 | K14: IPH | L14: -19.961013 | M14: -12525.725
A15: JZ0 | B15: 20 | C15: 0 | D15: -1794.4551 | E15: -1771.3235 | F15: -23.109824 | G15: -13.649024 | K15: JZ0 | L15: -23.131107 | M15: -14514.989
A16: JZ1 | B16: 20 | C16: 0 | D16: -1805.6603 | E16: -1779.3674 | F16: -26.269073 | G16: -14.909674 | K16: JZ1 | L16: -26.292754 | M16: -16498.952
A17: JZ2 | B17: 20 | C17: 0 | D17: -1765.4086 | E17: -1740.8881 | F17: -24.496855 | G17: -14.817086 | K17: JZ2 | L17: -24.56999 | M17: -15417.902
A18: JZ3 | B18: 20 | C18: 0 | D18: -1814.4796 | E18: -1787.2888 | F18: -27.169738 | G18: -13.17524 | K18: JZ3 | L18: -27.194437 | M18: -17064.767
A19: JZ4 | B19: 20 | C19: 0 | D19: -1827.7343 | E19: -1798.2776 | F19: -29.431463 | G19: -15.869794 | K19: JZ4 | L19: -29.46051 | M19: -18486.749
A20: Lig | B20: 20 | C20: 0 | D20: -1829.6825 | E20: -1799.3269 | F20: -30.334389 | G20: -13.29652 | K20: Lig | L20: -30.36133 | M20: -19052.022
D25: =50/5000 -> 0.01 | E25: ns
Q26: correction in Kcal/mol | R26: #water
P27: CAO | Q27: =-0.5935*LN(R27/55) -> -3.0894075 | R27: 10024 | T27: 32755 | U27: md_cente | V27: re | W27: d. | X27: gr | Y27: o | Z27: OK
A28: This is a failed result because L-sol interaction is not considered here | P28: IPH | Q28: =-0.5935*LN(R28/55) -> -3.0955334 | R28: 10128 | T28: 32998 | U28: solv.gro | Z28: OK
D29: E(L) in protein | I29: isolated ligand | P29: JZ0 | Q29: =-0.5935*LN(R29/55) -> -3.1054127 | R29: 10298 | T29: 33510 | U29: solv.gro | Z29: OK
A30: CAO | B30: 20 | C30: 0 | D30: -24.023189 | E30: 0.004865764 | F30: -13.421758 | G30: 0.960333 | I30: CAO | J30: 20 | K30: 0 | L30: 20 | M30: -24.022042 | N30: =(M30-D30)*627.5 -> 0.71928926 | P30: JZ1 | Q30: =-0.5935*LN(R30/55) -> -3.0927139 | R30: 10080 | T30: 32859 | U30: solv.gro | Z30: OK
A31: IPH | B31: 20 | C31: 0 | D31: -19.94586 | E31: 0.0037649622 | F31: -12.737174 | G31: 1.590233 | I31: IPH | J31: 20 | K31: 0 | L31: 20 | M31: -19.948679 | N31: =(M31-D31)*627.5 -> -1.7685824 | P31: JZ2 | Q31: =-0.5935*LN(R31/55) -> -3.1006679 | R31: 10216 | T31: 33264 | U31: solv.gro | Z31: OK
A32: JZ0 | B32: 20 | C32: 0 | D32: -23.109824 | E32: 0.0065137804 | F32: -13.649024 | G32: 0.978688 | I32: JZ0 | J32: 20 | K32: 0 | L32: 20 | M32: -23.111332 | N32: =(M32-D32)*627.5 -> -0.94601955 | P32: JZ3 | Q32: =-0.5935*LN(R32/55) -> -3.0860825 | R32: 9968 | T32: 32521 | U32: solv.gro | Z32: OK
A33: JZ1 | B33: 20 | C33: 0 | D33: -26.269073 | E33: 0.0053957736 | F33: -14.909674 | G33: 1.368656 | I33: JZ1 | J33: 20 | K33: 0 | L33: 20 | M33: =AVERAGE(G41:G48) -> -26.268255 | N33: =(M33-D33)*627.5 -> 0.51329056 | P33: JZ4 | Q33: =-0.5935*LN(R33/55) -> -3.1051821 | R33: 10294 | T33: 33518 | U33: solv.gro | Z33: OK
A34: JZ2 | B34: 20 | C34: 0 | D34: -24.496855 | E34: 0.0094488409 | F34: -14.817086 | G34: 1.660746 | I34: JZ2 | J34: 20 | K34: 0 | L34: 20 | M34: -24.49846 | N34: =(M34-D34)*627.5 -> -1.0068673 | P34: Lig | Q34: =-0.5935*LN(R34/55) -> -3.0924783 | R34: 10076 | T34: 32848 | U34: solv.gro | Z34: OK
A35: JZ3 | B35: 20 | C35: 0 | D35: -27.169738 | E35: 0.0050491954 | F35: -13.17524 | G35: 1.677325 | I35: JZ3 | J35: 20 | K35: 0 | L35: 20 | M35: -27.172399 | N35: =(M35-D35)*627.5 -> -1.6701219
A36: JZ4 | B36: 20 | C36: 0 | D36: -29.431463 | E36: 0.0044462732 | F36: -15.869794 | G36: 1.292941 | I36: JZ4 | J36: 20 | K36: 0 | L36: 20 | M36: -29.430789 | N36: =(M36-D36)*627.5 -> 0.42244587
A37: Lig | B37: 20 | C37: 0 | D37: -30.334389 | E37: 0.0065242504 | F37: -13.29652 | G37: 1.625416 | I37: Lig | J37: 20 | K37: 0 | L37: 20 | M37: -30.334362 | N37: =(M37-D37)*627.5 -> 0.01707338
F41: JZ1_01 | G41: -26.265903 | H41: -0.912858 | J41: YES | K41: ok
F42: JZ1_02 | G42: -26.275032 | H42: -1.799544 | J42: YES | K42: ok
F43: JZ1_03 | G43: -26.26307 | H43: -0.637599 | J43: YES | K43: ok
F44: JZ1_04 | G44: -26.266457 | H44: -0.966684 | J44: YES | K44: ok
F45: JZ1_05 | G45: -26.26675 | H45: -0.995082 | J45: YES | K45: ok
F46: JZ1_06 | G46: -26.262538 | H46: -0.58593 | J46: YES | K46: ok
F47: JZ1_07 | G47: -26.275232 | H47: -1.819004 | J47: YES | K47: ok
F48: JZ1_08 | G48: -26.271058 | H48: -1.41358 | J48: YES | K48: ok

Sheet CAQ
A1: 12.01 | B1: 1.239672 | C1: =EXP(B1/H$2) -> 8.0748 | D1: =EXP(1/H$2*(B1-H$4-N$3)) -> 0.0040767389 | E1: =1/(1+D1) -> 0.99593981 | F1: =EXP((Result!G$2+B1-Result!P$2)/H$2) -> 0.012708379 | G1: ave | H1: =AVERAGE(B:B) -> -0.0022923322
A2: 12.02 | B2: 1.307645 | C2: =EXP(B2/H$2) -> 9.0546385 | D2: =EXP(1/H$2*(B2-H$4-N$3)) -> 0.0045714317 | E2: =1/(1+D2) -> 0.99544937 | F2: =EXP((Result!G$2+B2-Result!P$2)/H$2) -> 0.01425048 | G2: kT(kcal/mol) | H2: 0.5935
A3: 12.03 | B3: 0.115374 | C3: =EXP(B3/H$2) -> 1.2145771 | D3: =EXP(1/H$2*(B3-H$4-N$3)) -> 0.00061320574 | E3: =1/(1+D3) -> 0.99938717 | F3: =EXP((Result!G$2+B3-Result!P$2)/H$2) -> 0.0019115403 | G3: ave | H3: =AVERAGE(C:C) -> 367.33933 | M3: relaxization | N3: 1
A4: 12.04 | B4: 1.143164 | C4: =EXP(B4/H$2) -> 6.862967 | D4: =EXP(1/H$2*(B4-H$4-N$3)) -> 0.0034649186 | E4: =1/(1+D4) -> 0.99654705 | F4: =EXP((Result!G$2+B4-Result!P$2)/H$2) -> 0.010801157 | G4: -TDS | H4: =H2*LN(H3) -> 3.5053808 | K4: max | L4: =MAX(D:D) -> 178.94505
A5: 12.05 | B5: 1.371013 | C5: =EXP(B5/H$2) -> 10.0749 | D5: =EXP(1/H$2*(B5-H$4-N$3)) -> 0.005086533 | E5: =1/(1+D5) -> 0.99493921 | F5: =EXP((Result!G$2+B5-Result!P$2)/H$2) -> 0.0158562 | K5: 1/<Y> | L5: =1/(1+AVERAGE(D:D)) -> 0.84355492
A6: 12.06 | B6: 2.088787 | C6: =EXP(B6/H$2) -> 33.765478 | D6: =EXP(1/H$2*(B6-H$4-N$3)) -> 0.017047238 | E6: =1/(1+D6) -> 0.9832385 | F6: =EXP((Result!G$2+B6-Result!P$2)/H$2) -> 0.053141191 | K6: <1/y> | L6: =AVERAGE(E:E) -> 0.98269306
A7: 12.07 | B7: 1.526559 | C7: =EXP(B7/H$2) -> 13.093681 | D7: =EXP(1/H$2*(B7-H$4-N$3)) -> 0.0066106304 | E7: =1/(1+D7) -> 0.99343278 | F7: =EXP((Result!G$2+B7-Result!P$2)/H$2) -> 0.020607254
A8: 12.08 | B8: -1.145906 | C8: =EXP(B8/H$2) -> 0.14503794 | D8: =EXP(1/H$2*(B8-H$4-N$3)) -> 7.3225569e-05 | E8: =1/(1+D8) -> 0.99992678 | F8: =EXP((Result!G$2+B8-Result!P$2)/H$2) -> 0.00022826536
A9: 12.09 | B9: -0.528629 | C9: =EXP(B9/H$2) -> 0.4103694 | D9: =EXP(1/H$2*(B9-H$4-N$3)) -> 0.00020718394 | E9: =1/(1+D9) -> 0.99979286 | F9: =EXP((Result!G$2+B9-Result!P$2)/H$2) -> 0.0006458525
A10: 12.1 | B10: -1.941438 | C10: =EXP(B10/H$2) -> 0.037962075 | D10: =EXP(1/H$2*(B10-H$4-N$3)) -> 1.9165981e-05 | E10: =1/(1+D10) -> 0.99998083 | F10: =EXP((Result!G$2+B10-Result!P$2)/H$2) -> 5.9745929e-05 | G10: =VAR(F:F) -> 206.20503 | H10: Var(q)
A11: 12.11 | B11: 0.025612 | C11: =EXP(B11/H$2) -> 1.0440989 | D11: =EXP(1/H$2*(B11-H$4-N$3)) -> 0.00052713608 | E11: =1/(1+D11) -> 0.99947314 | F11: =EXP((Result!G$2+B11-Result!P$2)/H$2) -> 0.0016432362
A12: 12.12 | B12: -0.74728 | C12: =EXP(B12/H$2) -> 0.28390744 | D12: =EXP(1/H$2*(B12-H$4-N$3)) -> 0.00014333687 | E12: =1/(1+D12) -> 0.99985668 | F12: =EXP((Result!G$2+B12-Result!P$2)/H$2) -> 0.00044682263
A13: 12.13 | B13: 0.999923 | C13: =EXP(B13/H$2) -> 5.3913199 | D13: =EXP(1/H$2*(B13-H$4-N$3)) -> 0.0027219254 | E13: =1/(1+D13) -> 0.99728546 | F13: =EXP((Result!G$2+B13-Result!P$2)/H$2) -> 0.0084850318
A14: 12.14 | B14: -1.832917 | C14: =EXP(B14/H$2) -> 0.045578533 | D14: =EXP(1/H$2*(B14-H$4-N$3)) -> 2.3011316e-05 | E14: =1/(1+D14) -> 0.99997699 | F14: =EXP((Result!G$2+B14-Result!P$2)/H$2) -> 7.1732954e-05
A15: 12.15 | B15: -1.38574 | C15: =EXP(B15/H$2) -> 0.096823941 | D15: =EXP(1/H$2*(B15-H$4-N$3)) -> 4.8883678e-05 | E15: =1/(1+D15) -> 0.99995112 | F15: =EXP((Result!G$2+B15-Result!P$2)/H$2) -> 0.00015238462
A16: 12.16 | B16: 2.201373 | C16: =EXP(B16/H$2) -> 40.818578 | D16: =EXP(1/H$2*(B16-H$4-N$3)) -> 0.020608149 | E16: =1/(1+D16) -> 0.97980797 | F16: =EXP((Result!G$2+B16-Result!P$2)/H$2) -> 0.064241585
A17: 12.17 | B17: -1.591589 | C17: =EXP(B17/H$2) -> 0.06844669 | D17: =EXP(1/H$2*(B17-H$4-N$3)) -> 3.4556804e-05 | E17: =1/(1+D17) -> 0.99996544 | F17: =EXP((Result!G$2+B17-Result!P$2)/H$2) -> 0.00010772359
A18: 12.18 | B18: 1.215467 | C18: =EXP(B18/H$2) -> 7.7521065 | D18: =EXP(1/H$2*(B18-H$4-N$3)) -> 0.0039138201 | E18: =1/(1+D18) -> 0.99610144 | F18: =EXP((Result!G$2+B18-Result!P$2)/H$2) -> 0.012200513
A19: 12.19 | B19: -1.637475 | C19: =EXP(B19/H$2) -> 0.063354184 | D19: =EXP(1/H$2*(B19-H$4-N$3)) -> 3.1985742e-05 | E19: =1/(1+D19) -> 0.99996802 | F19: =EXP((Result!G$2+B19-Result!P$2)/H$2) -> 9.9708844e-05
A20: 12.2 | B20: -1.210632 | C20: =EXP(B20/H$2) -> 0.13005237 | D20: =EXP(1/H$2*(B20-H$4-N$3)) -> 6.5659778e-05 | E20: =1/(1+D20) -> 0.99993434 | F20: =EXP((Result!G$2+B20-Result!P$2)/H$2) -> 0.00020468059
A21: 12.21 | B21: -0.154011 | C21: =EXP(B21/H$2) -> 0.77144013 | D21: =EXP(1/H$2*(B21-H$4-N$3)) -> 0.00038947838 | E21: =1/(1+D21) -> 0.99961067 | F21: =EXP((Result!G$2+B21-Result!P$2)/H$2) -> 0.0012141172
A22: 12.22 | B22: -1.887517 | C22: =EXP(B22/H$2) -> 0.041572554 | D22: =EXP(1/H$2*(B22-H$4-N$3)) -> 2.0988811e-05 | E22: =1/(1+D22) -> 0.99997901 | F22: =EXP((Result!G$2+B22-Result!P$2)/H$2) -> 6.5428217e-05
... A3600: 48 | B3600: 0.292184 | C3600: =EXP(B3600/H$2) -> 1.6360858 | D3600: =EXP(1/H$2*(B3600-H$4-N$3)) -> 0.00082601358 | E3600: =1/(1+D3600) -> 0.99917467 | F3600: =EXP((Result!G$2+B3600-Result!P$2)/H$2) -> 0.0025749242

Sheet IPH
A1: 12.01 | B1: 1.421361 | C1: =EXP(B1/H$2) -> 10.966877 | D1: =EXP(1/H$2*(B1-H$4-J$6)) -> 5.2867925e-05 | E1: =1/(1+D1) -> 0.99994713 | F1: =EXP((Result!G$3+B1-Result!P$3)/H$2) -> 0.017147723 | G1: ave | H1: =AVERAGE(B:B) -> -0.0074809369
A2: 12.02 | B2: 2.07833 | C2: =EXP(B2/H$2) -> 33.175767 | D2: =EXP(1/H$2*(B2-H$4-J$6)) -> 0.00015993012 | E2: =1/(1+D2) -> 0.9998401 | F2: =EXP((Result!G$3+B2-Result!P$3)/H$2) -> 0.051873371 | G2: kT(kcal/mol) | H2: 0.5935
A3: 12.03 | B3: 0.075205 | C3: =EXP(B3/H$2) -> 1.1350928 | D3: =EXP(1/H$2*(B3-H$4-J$6)) -> 5.4719317e-06 | E3: =1/(1+D3) -> 0.99999453 | F3: =EXP((Result!G$3+B3-Result!P$3)/H$2) -> 0.0017748223 | G3: ave | H3: =AVERAGE(C:C) -> 38471.512
A4: 12.04 | B4: 1.30209 | C4: =EXP(B4/H$2) -> 8.9702849 | D4: =EXP(1/H$2*(B4-H$4-J$6)) -> 4.3242972e-05 | E4: =1/(1+D4) -> 0.99995676 | F4: =EXP((Result!G$3+B4-Result!P$3)/H$2) -> 0.014025868 | G4: -TDS | H4: =H2*LN(H3) -> 6.2659791
A5: 12.05 | B5: -2.261016 | C5: =EXP(B5/H$2) -> 0.022156353 | D5: =EXP(1/H$2*(B5-H$4-J$6)) -> 1.0680893e-07 | E5: =1/(1+D5) -> 0.99999989 | F5: =EXP((Result!G$3+B5-Result!P$3)/H$2) -> 3.4643501e-05
A6: 12.06 | B6: -1.834158 | C6: =EXP(B6/H$2) -> 0.045483328 | D6: =EXP(1/H$2*(B6-H$4-J$6)) -> 2.1926107e-07 | E6: =1/(1+D6) -> 0.99999978 | F6: =EXP((Result!G$3+B6-Result!P$3)/H$2) -> 7.1117377e-05 | I6: relaxization | J6: 1
A7: 12.07 | B7: 2.312689 | C7: =EXP(B7/H$2) -> 49.239486 | D7: =EXP(1/H$2*(B7-H$4-J$6)) -> 0.00023736835 | E7: =1/(1+D7) -> 0.99976269 | F7: =EXP((Result!G$3+B7-Result!P$3)/H$2) -> 0.076990477 | G7: max | H7: =MAX(D:D) -> 647.57407
A8: 12.08 | B8: -0.380557 | C8: =EXP(B8/H$2) -> 0.52665579 | D8: =EXP(1/H$2*(B8-H$4-J$6)) -> 2.5388449e-06 | E8: =1/(1+D8) -> 0.99999746 | F8: =EXP((Result!G$3+B8-Result!P$3)/H$2) -> 0.00082347489 | G8: 1/<Y> | H8: =1/(1+AVERAGE(D:D)) -> 0.84355492
A9: 12.09 | B9: 2.216098 | C9: =EXP(B9/H$2) -> 41.843973 | D9: =EXP(1/H$2*(B9-H$4-J$6)) -> 0.00020171686 | E9: =1/(1+D9) -> 0.99979832 | F9: =EXP((Result!G$3+B9-Result!P$3)/H$2) -> 0.06542691 | G9: <1/y> | H9: =AVERAGE(E:E) -> 0.9983424
A10: 12.1 | B10: 1.172714 | C10: =EXP(B10/H$2) -> 7.2133194 | D10: =EXP(1/H$2*(B10-H$4-J$6)) -> 3.4773184e-05 | E10: =1/(1+D10) -> 0.99996523 | F10: =EXP((Result!G$3+B10-Result!P$3)/H$2) -> 0.01127869 | G10: =VAR(F:F) -> 12259450 | H10: var(q)
A11: 12.11 | B11: 0.479269 | C11: =EXP(B11/H$2) -> 2.2423623 | D11: =EXP(1/H$2*(B11-H$4-J$6)) -> 1.0809736e-05 | E11: =1/(1+D11) -> 0.99998919 | F11: =EXP((Result!G$3+B11-Result!P$3)/H$2) -> 0.0035061402
A12: 12.12 | B12: 1.525835 | C12: =EXP(B12/H$2) -> 13.077718 | D12: =EXP(1/H$2*(B12-H$4-J$6)) -> 6.3043637e-05 | E12: =1/(1+D12) -> 0.99993696 | F12: =EXP((Result!G$3+B12-Result!P$3)/H$2) -> 0.020448218
A13: 12.13 | B13: -1.167577 | C13: =EXP(B13/H$2) -> 0.13983756 | D13: =EXP(1/H$2*(B13-H$4-J$6)) -> 6.7411368e-07 | E13: =1/(1+D13) -> 0.99999933 | F13: =EXP((Result!G$3+B13-Result!P$3)/H$2) -> 0.00021864892
A14: 12.14 | B14: -1.141014 | C14: =EXP(B14/H$2) -> 0.14623838 | D14: =EXP(1/H$2*(B14-H$4-J$6)) -> 7.0497003e-07 | E14: =1/(1+D14) -> 0.9999993 | F14: =EXP((Result!G$3+B14-Result!P$3)/H$2) -> 0.00022865719
A15: 12.15 | B15: -1.314456 | C15: =EXP(B15/H$2) -> 0.10918046 | D15: =EXP(1/H$2*(B15-H$4-J$6)) -> 5.2632527e-07 | E15: =1/(1+D15) -> 0.99999947 | F15: =EXP((Result!G$3+B15-Result!P$3)/H$2) -> 0.00017071372
A16: 12.16 | B16: -0.967931 | C16: =EXP(B16/H$2) -> 0.195756 | D16: =EXP(1/H$2*(B16-H$4-J$6)) -> 9.4367922e-07 | E16: =1/(1+D16) -> 0.99999906 | F16: =EXP((Result!G$3+B16-Result!P$3)/H$2) -> 0.00030608256
A17: 12.17 | B17: -1.901442 | C17: =EXP(B17/H$2) -> 0.040608512 | D17: =EXP(1/H$2*(B17-H$4-J$6)) -> 1.9576109e-07 | E17: =1/(1+D17) -> 0.9999998 | F17: =EXP((Result!G$3+B17-Result!P$3)/H$2) -> 6.3495152e-05
A18: 12.18 | B18: 0.375043 | C18: =EXP(B18/H$2) -> 1.8812142 | D18: =EXP(1/H$2*(B18-H$4-J$6)) -> 9.0687526e-06 | E18: =1/(1+D18) -> 0.99999093 | F18: =EXP((Result!G$3+B18-Result!P$3)/H$2) -> 0.0029414519
A19: 12.19 | B19: 0.761518 | C19: =EXP(B19/H$2) -> 3.6077954 | D19: =EXP(1/H$2*(B19-H$4-J$6)) -> 1.7392067e-05 | E19: =1/(1+D19) -> 0.99998261 | F19: =EXP((Result!G$3+B19-Result!P$3)/H$2) -> 0.0056411207
A20: 12.2 | B20: -3.032091 | C20: =EXP(B20/H$2) -> 0.0060431453 | D20: =EXP(1/H$2*(B20-H$4-J$6)) -> 2.9132136e-08 | E20: =1/(1+D20) -> 0.99999997 | F20: =EXP((Result!G$3+B20-Result!P$3)/H$2) -> 9.4490148e-06
A21: 12.21 | B21: 0.114212 | C21: =EXP(B21/H$2) -> 1.2122014 | D21: =EXP(1/H$2*(B21-H$4-J$6)) -> 5.8436486e-06 | E21: =1/(1+D21) -> 0.99999416 | F21: =EXP((Result!G$3+B21-Result!P$3)/H$2) -> 0.0018953887
A22: 12.22 | B22: -2.06954 | C22: =EXP(B22/H$2) -> 0.030592229 | D22: =EXP(1/H$2*(B22-H$4-J$6)) -> 1.4747568e-07 | E22: =1/(1+D22) -> 0.99999985 | F22: =EXP((Result!G$3+B22-Result!P$3)/H$2) -> 4.783377e-05
... A3600: 48 | B3600: 0.627666 | C3600: =EXP(B3600/H$2) -> 2.8793569 | D3600: =EXP(1/H$2*(B3600-H$4-J$6)) -> 1.388049e-05 | E3600: =1/(1+D3600) -> 0.99998612 | F3600: =EXP((Result!G$3+B3600-Result!P$3)/H$2) -> 0.00450214

Sheet JZ0
A1: 12.01 | B1: -2.668449 | C1: =EXP(B1/H$2) -> 0.01115215 | D1: =EXP(1/H$2*(B1-H$4-J$6)) -> 6.6590674e-08 | E1: =1/(1+D1) -> 0.99999993 | F1: =EXP((Result!G$4+B1-Result!P$4)/H$2) -> 5.9302479e-06 | G1: ave | H1: =AVERAGE(B:B) -> 0.0046541392
A2: 12.02 | B2: -0.870053 | C2: =EXP(B2/H$2) -> 0.23085403 | D2: =EXP(1/H$2*(B2-H$4-J$6)) -> 1.378454e-06 | E2: =1/(1+D2) -> 0.99999862 | F2: =EXP((Result!G$4+B2-Result!P$4)/H$2) -> 0.00012275854 | G2: kT(kcal/mol) | H2: 0.5935
A3: 12.03 | B3: 1.618581 | C3: =EXP(B3/H$2) -> 15.289701 | D3: =EXP(1/H$2*(B3-H$4-J$6)) -> 9.1296432e-05 | E3: =1/(1+D3) -> 0.99990871 | F3: =EXP((Result!G$4+B3-Result!P$4)/H$2) -> 0.0081304248 | G3: ave | H3: =AVERAGE(C:C) -> 31059.448
A4: 12.04 | B4: 2.07718 | C4: =EXP(B4/H$2) -> 33.111546 | D4: =EXP(1/H$2*(B4-H$4-J$6)) -> 0.00019771257 | E4: =1/(1+D4) -> 0.99980233 | F4: =EXP((Result!G$4+B4-Result!P$4)/H$2) -> 0.017607339 | G4: -TDS | H4: =H2*LN(H3) -> 6.1389612
A5: 12.05 | B5: -0.844254 | C5: =EXP(B5/H$2) -> 0.24111039 | D5: =EXP(1/H$2*(B5-H$4-J$6)) -> 1.4396958e-06 | E5: =1/(1+D5) -> 0.99999856 | F5: =EXP((Result!G$4+B5-Result!P$4)/H$2) -> 0.00012821244
A6: 12.06 | B6: -1.155601 | C6: =EXP(B6/H$2) -> 0.14268795 | D6: =EXP(1/H$2*(B6-H$4-J$6)) -> 8.5200496e-07 | E6: =1/(1+D6) -> 0.99999915 | F6: =EXP((Result!G$4+B6-Result!P$4)/H$2) -> 7.5875498e-05 | I6: relaxization | J6: 1
A7: 12.07 | B7: 2.623072 | C7: =EXP(B7/H$2) -> 83.068568 | D7: =EXP(1/H$2*(B7-H$4-J$6)) -> 0.00049601127 | E7: =1/(1+D7) -> 0.99950423 | F7: =EXP((Result!G$4+B7-Result!P$4)/H$2) -> 0.044172398
A8: 12.08 | B8: 0.921979 | C8: =EXP(B8/H$2) -> 4.727804 | D8: =EXP(1/H$2*(B8-H$4-J$6)) -> 2.8230222e-05 | E8: =1/(1+D8) -> 0.99997177 | F8: =EXP((Result!G$4+B8-Result!P$4)/H$2) -> 0.0025140489 | J8: max | K8: =MAX(D:D) -> 221.2855
A9: 12.09 | B9: -1.288862 | C9: =EXP(B9/H$2) -> 0.11399174 | D9: =EXP(1/H$2*(B9-H$4-J$6)) -> 6.8065681e-07 | E9: =1/(1+D9) -> 0.99999932 | F9: =EXP((Result!G$4+B9-Result!P$4)/H$2) -> 6.0616049e-05 | J9: 1/<Y> | K9: =1/(1+AVERAGE(D:D)) -> 0.84355492
A10: 12.1 | B10: -0.269607 | C10: =EXP(B10/H$2) -> 0.63491369 | D10: =EXP(1/H$2*(B10-H$4-J$6)) -> 3.7911373e-06 | E10: =1/(1+D10) -> 0.99999621 | F10: =EXP((Result!G$4+B10-Result!P$4)/H$2) -> 0.0003376206 | G10: =VAR(F:F) -> 222131.15 | H10: Var(q) | J10: <1/y> | K10: =AVERAGE(E:E) -> 0.99309144
A11: 12.11 | B11: 2.839796 | C11: =EXP(B11/H$2) -> 119.68089 | D11: =EXP(1/H$2*(B11-H$4-J$6)) -> 0.00071462737 | E11: =1/(1+D11) -> 0.99928588 | F11: =EXP((Result!G$4+B11-Result!P$4)/H$2) -> 0.063641305
A12: 12.12 | B12: 3.719164 | C12: =EXP(B12/H$2) -> 526.62761 | D12: =EXP(1/H$2*(B12-H$4-J$6)) -> 0.0031445496 | E12: =1/(1+D12) -> 0.99686531 | F12: =EXP((Result!G$4+B12-Result!P$4)/H$2) -> 0.28003859
A13: 12.13 | B13: 2.328465 | C13: =EXP(B13/H$2) -> 50.565887 | D13: =EXP(1/H$2*(B13-H$4-J$6)) -> 0.0003019343 | E13: =1/(1+D13) -> 0.99969816 | F13: =EXP((Result!G$4+B13-Result!P$4)/H$2) -> 0.026888828
A14: 12.14 | B14: 0.957823 | C14: =EXP(B14/H$2) -> 5.0221348 | D14: =EXP(1/H$2*(B14-H$4-J$6)) -> 2.9987702e-05 | E14: =1/(1+D14) -> 0.99997001 | F14: =EXP((Result!G$4+B14-Result!P$4)/H$2) -> 0.0026705617
A15: 12.15 | B15: -0.242815 | C15: =EXP(B15/H$2) -> 0.66423197 | D15: =EXP(1/H$2*(B15-H$4-J$6)) -> 3.9661999e-06 | E15: =1/(1+D15) -> 0.99999603 | F15: =EXP((Result!G$4+B15-Result!P$4)/H$2) -> 0.00035321084
A16: 12.16 | B16: 0.446624 | C16: =EXP(B16/H$2) -> 2.1223537 | D16: =EXP(1/H$2*(B16-H$4-J$6)) -> 1.26728e-05 | E16: =1/(1+D16) -> 0.99998733 | F16: =EXP((Result!G$4+B16-Result!P$4)/H$2) -> 0.0011285791
A17: 12.17 | B17: 0.79615 | C17: =EXP(B17/H$2) -> 3.8245814 | D17: =EXP(1/H$2*(B17-H$4-J$6)) -> 2.2836983e-05 | E17: =1/(1+D17) -> 0.99997716 | F17: =EXP((Result!G$4+B17-Result!P$4)/H$2) -> 0.0020337528
A18: 12.18 | B18: 3.895678 | C18: =EXP(B18/H$2) -> 709.03553 | D18: =EXP(1/H$2*(B18-H$4-J$6)) -> 0.0042337267 | E18: =1/(1+D18) -> 0.99578412 | F18: =EXP((Result!G$4+B18-Result!P$4)/H$2) -> 0.37703551
A19: 12.19 | B19: -1.204776 | C19: =EXP(B19/H$2) -> 0.13134194 | D19: =EXP(1/H$2*(B19-H$4-J$6)) -> 7.8425671e-07 | E19: =1/(1+D19) -> 0.99999922 | F19: =EXP((Result!G$4+B19-Result!P$4)/H$2) -> 6.9842162e-05
A20: 12.2 | B20: 0.174984 | C20: =EXP(B20/H$2) -> 1.3429035 | D20: =EXP(1/H$2*(B20-H$4-J$6)) -> 8.0186197e-06 | E20: =1/(1+D20) -> 0.99999198 | F20: =EXP((Result!G$4+B20-Result!P$4)/H$2) -> 0.00071410003
A21: 12.21 | B21: 0.524963 | C21: =EXP(B21/H$2) -> 2.4218232 | D21: =EXP(1/H$2*(B21-H$4-J$6)) -> 1.4460964e-05 | E21: =1/(1+D21) -> 0.99998554 | F21: =EXP((Result!G$4+B21-Result!P$4)/H$2) -> 0.0012878245
A22: 12.22 | B22: -2.644922 | C22: =EXP(B22/H$2) -> 0.011603113 | D22: =EXP(1/H$2*(B22-H$4-J$6)) -> 6.9283422e-08 | E22: =1/(1+D22) -> 0.99999993 | F22: =EXP((Result!G$4+B22-Result!P$4)/H$2) -> 6.1700511e-06
... A3600: 48 | B3600: -1.811196 | C3600: =EXP(B3600/H$2) -> 0.047277523 | D3600: =EXP(1/H$2*(B3600-H$4-J$6)) -> 2.8229913e-07 | E3600: =1/(1+D3600) -> 0.99999972 | F3600: =EXP((Result!G$4+B3600-Result!P$4)/H$2) -> 2.5140214e-05

Sheet JZ1
A1: 12.01 | B1: -4.981426 | C1: =EXP(B1/H$2) -> 0.00022637806 | D1: =EXP(1/H$2*(B1-H$4-J$6)) -> 1.908204e-08 | E1: =1/(1+D1) -> 0.99999998 | F1: =EXP((Result!G$5+B1-Result!P$5)/H$2) -> 4.5098065e-08 | G1: ave | H1: =AVERAGE(B:B) -> 0.0059887742
A2: 12.02 | B2: -1.149955 | C2: =EXP(B2/H$2) -> 0.14405183 | D2: =EXP(1/H$2*(B2-H$4-J$6)) -> 1.2142531e-05 | E2: =1/(1+D2) -> 0.99998786 | F2: =EXP((Result!G$5+B2-Result!P$5)/H$2) -> 2.8697386e-05 | G2: kT(kcal/mol) | H2: 0.5935
A3: 12.03 | B3: -0.228631 | C3: =EXP(B3/H$2) -> 0.6802976 | D3: =EXP(1/H$2*(B3-H$4-J$6)) -> 5.7344187e-05 | E3: =1/(1+D3) -> 0.99994266 | F3: =EXP((Result!G$5+B3-Result!P$5)/H$2) -> 0.00013552597 | G3: ave | H3: =AVERAGE(C:C) -> 2200.1794
A4: 12.04 | B4: 0.022734 | C4: =EXP(B4/H$2) -> 1.0390481 | D4: =EXP(1/H$2*(B4-H$4-J$6)) -> 8.7584267e-05 | E4: =1/(1+D4) -> 0.99991242 | F4: =EXP((Result!G$5+B4-Result!P$5)/H$2) -> 0.00020699469 | G4: -TDS | H4: =H2*LN(H3) -> 4.5677506
A5: 12.05 | B5: -0.835862 | C5: =EXP(B5/H$2) -> 0.24454387 | D5: =EXP(1/H$2*(B5-H$4-J$6)) -> 2.0613286e-05 | E5: =1/(1+D5) -> 0.99997939 | F5: =EXP((Result!G$5+B5-Result!P$5)/H$2) -> 4.8716979e-05
A6: 12.06 | B6: 0.785499 | C6: =EXP(B6/H$2) -> 3.7565574 | D6: =EXP(1/H$2*(B6-H$4-J$6)) -> 0.00031665073 | E6: =1/(1+D6) -> 0.99968345 | F6: =EXP((Result!G$5+B6-Result!P$5)/H$2) -> 0.00074836523 | I6: relaxization | J6: 1
A7: 12.07 | B7: 0.486862 | C7: =EXP(B7/H$2) -> 2.2712345 | D7: =EXP(1/H$2*(B7-H$4-J$6)) -> 0.0001914487 | E7: =1/(1+D7) -> 0.99980859 | F7: =EXP((Result!G$5+B7-Result!P$5)/H$2) -> 0.00045246558
A8: 12.08 | B8: 0.828082 | C8: =EXP(B8/H$2) -> 4.0359911 | D8: =EXP(1/H$2*(B8-H$4-J$6)) -> 0.00034020497 | E8: =1/(1+D8) -> 0.99965991 | F8: =EXP((Result!G$5+B8-Result!P$5)/H$2) -> 0.00080403282
A9: 12.09 | B9: 4.429147 | C9: =EXP(B9/H$2) -> 1741.9461 | D9: =EXP(1/H$2*(B9-H$4-J$6)) -> 0.14683351 | E9: =1/(1+D9) -> 0.87196615 | F9: =EXP((Result!G$5+B9-Result!P$5)/H$2) -> 0.34702302 | J9: max | K9: =MAX(D:D) -> 203.73316
A10: 12.1 | B10: 0.010162 | C10: =EXP(B10/H$2) -> 1.0172696 | D10: =EXP(1/H$2*(B10-H$4-J$6)) -> 8.5748497e-05 | E10: =1/(1+D10) -> 0.99991426 | F10: =EXP((Result!G$5+B10-Result!P$5)/H$2) -> 0.00020265608 | G10: =VAR(F:F) -> 133.50762 | H10: Var(q) | J10: 1/<Y> | K10: =1/(1+AVERAGE(D:D)) -> 0.84355492
A11: 12.11 | B11: -0.108907 | C11: =EXP(B11/H$2) -> 0.83235223 | D11: =EXP(1/H$2*(B11-H$4-J$6)) -> 7.0161297e-05 | E11: =1/(1+D11) -> 0.99992984 | F11: =EXP((Result!G$5+B11-Result!P$5)/H$2) -> 0.00016581764 | J11: <1/y> | K11: =AVERAGE(E:E) -> 0.98915951
A12: 12.12 | B12: 0.992062 | C12: =EXP(B12/H$2) -> 5.3203818 | D12: =EXP(1/H$2*(B12-H$4-J$6)) -> 0.00044846986 | E12: =1/(1+D12) -> 0.99955173 | F12: =EXP((Result!G$5+B12-Result!P$5)/H$2) -> 0.0010599036
A13: 12.13 | B13: -0.11691 | C13: =EXP(B13/H$2) -> 0.82120378 | D13: =EXP(1/H$2*(B13-H$4-J$6)) -> 6.9221563e-05 | E13: =1/(1+D13) -> 0.99993078 | F13: =EXP((Result!G$5+B13-Result!P$5)/H$2) -> 0.00016359669
A14: 12.14 | B14: -1.385907 | C14: =EXP(B14/H$2) -> 0.0967967 | D14: =EXP(1/H$2*(B14-H$4-J$6)) -> 8.1592645e-06 | E14: =1/(1+D14) -> 0.99999184 | F14: =EXP((Result!G$5+B14-Result!P$5)/H$2) -> 1.9283423e-05
A15: 12.15 | B15: -3.684893 | C15: =EXP(B15/H$2) -> 0.002011751 | D15: =EXP(1/H$2*(B15-H$4-J$6)) -> 1.6957612e-07 | E15: =1/(1+D15) -> 0.99999983 | F15: =EXP((Result!G$5+B15-Result!P$5)/H$2) -> 4.007724e-07
A16: 12.16 | B16: -0.603915 | C16: =EXP(B16/H$2) -> 0.36148004 | D16: =EXP(1/H$2*(B16-H$4-J$6)) -> 3.0470164e-05 | E16: =1/(1+D16) -> 0.99996953 | F16: =EXP((Result!G$5+B16-Result!P$5)/H$2) -> 7.2012502e-05
A17: 12.17 | B17: -0.072981 | C17: =EXP(B17/H$2) -> 0.88429272 | D17: =EXP(1/H$2*(B17-H$4-J$6)) -> 7.4539506e-05 | E17: =1/(1+D17) -> 0.99992547 | F17: =EXP((Result!G$5+B17-Result!P$5)/H$2) -> 0.000176165
A18: 12.18 | B18: -4.382033 | C18: =EXP(B18/H$2) -> 0.00062149985 | D18: =EXP(1/H$2*(B18-H$4-J$6)) -> 5.238796e-08 | E18: =1/(1+D18) -> 0.99999995 | F18: =EXP((Result!G$5+B18-Result!P$5)/H$2) -> 1.2381253e-07
A19: 12.19 | B19: 1.028917 | C19: =EXP(B19/H$2) -> 5.6612391 | D19: =EXP(1/H$2*(B19-H$4-J$6)) -> 0.00047720168 | E19: =1/(1+D19) -> 0.99952303 | F19: =EXP((Result!G$5+B19-Result!P$5)/H$2) -> 0.0011278078
A20: 12.2 | B20: 4.619738 | C20: =EXP(B20/H$2) -> 2401.596 | D20: =EXP(1/H$2*(B20-H$4-J$6)) -> 0.20243724 | E20: =1/(1+D20) -> 0.83164423 | F20: =EXP((Result!G$5+B20-Result!P$5)/H$2) -> 0.47843564
A21: 12.21 | B21: -2.299574 | C21: =EXP(B21/H$2) -> 0.02076268 | D21: =EXP(1/H$2*(B21-H$4-J$6)) -> 1.7501443e-06 | E21: =1/(1+D21) -> 0.99999825 | F21: =EXP((Result!G$5+B21-Result!P$5)/H$2) -> 4.1362519e-06
A22: 12.22 | B22: -1.428962 | C22: =EXP(B22/H$2) -> 0.090023313 | D22: =EXP(1/H$2*(B22-H$4-J$6)) -> 7.5883168e-06 | E22: =1/(1+D22) -> 0.99999241 | F22: =EXP((Result!G$5+B22-Result!P$5)/H$2) -> 1.7934058e-05
A23: 12.23 | B23: -0.078459 | C23: =EXP(B23/H$2) -> 0.87616825 | D23: =EXP(1/H$2*(B23-H$4-J$6)) -> 7.3854672e-05 | E23: =1/(1+D23) -> 0.99992615 | F23: =EXP((Result!G$5+B23-Result!P$5)/H$2) -> 0.00017454648
... A3600: 48 | B3600: 3.580743 | C3600: =EXP(B3600/H$2) -> 417.07471 | D3600: =EXP(1/H$2*(B3600-H$4-J$6)) -> 0.035156394 | E3600: =1/(1+D3600) -> 0.9660376 | F3600: =EXP((Result!G$5+B3600-Result!P$5)/H$2) -> 0.083087834

Sheet JZ2
A1: 12.01 | B1: -0.483549 | C1: =EXP(B1/H$2) -> 0.44275382 | D1: =EXP(1/H$2*(B1-H$4-J$6)) -> 0.00016658609 | E1: =1/(1+D1) -> 0.99983344 | F1: =EXP((Result!G$6+B1-Result!P$6)/H$2) -> 6.5453403e-05 | G1: ave | H1: =AVERAGE(B:B) -> -0.0099268814
A2: 12.02 | B2: -0.324713 | C2: =EXP(B2/H$2) -> 0.57861647 | D2: =EXP(1/H$2*(B2-H$4-J$6)) -> 0.0002177044 | E2: =1/(1+D2) -> 0.99978234 | F2: =EXP((Result!G$6+B2-Result!P$6)/H$2) -> 8.5538318e-05 | G2: kT(kcal/mol) | H2: 0.5935
A3: 12.03 | B3: -1.654822 | C3: =EXP(B3/H$2) -> 0.061529249 | D3: =EXP(1/H$2*(B3-H$4-J$6)) -> 2.3150375e-05 | E3: =1/(1+D3) -> 0.99997685 | F3: =EXP((Result!G$6+B3-Result!P$6)/H$2) -> 9.0960224e-06 | G3: ave | H3: =AVERAGE(C:C) -> 492.91512
A4: 12.04 | B4: 0.974835 | C4: =EXP(B4/H$2) -> 5.1681715 | D4: =EXP(1/H$2*(B4-H$4-J$6)) -> 0.0019445241 | E4: =1/(1+D4) -> 0.99805925 | F4: =EXP((Result!G$6+B4-Result!P$6)/H$2) -> 0.0007640237 | G4: -TDS | H4: =H2*LN(H3) -> 3.6799
A5: 12.05 | B5: -0.195728 | C5: =EXP(B5/H$2) -> 0.71907759 | D5: =EXP(1/H$2*(B5-H$4-J$6)) -> 0.00027055289 | E5: =1/(1+D5) -> 0.99972952 | F5: =EXP((Result!G$6+B5-Result!P$6)/H$2) -> 0.00010630303
A6: 12.06 | B6: -2.605954 | C6: =EXP(B6/H$2) -> 0.012390516 | D6: =EXP(1/H$2*(B6-H$4-J$6)) -> 4.6619307e-06 | E6: =1/(1+D6) -> 0.99999534 | F6: =EXP((Result!G$6+B6-Result!P$6)/H$2) -> 1.8317209e-06 | I6: relaxization | J6: 1
A7: 12.07 | B7: 1.403853 | C7: =EXP(B7/H$2) -> 10.648084 | D7: =EXP(1/H$2*(B7-H$4-J$6)) -> 0.0040063407 | E7: =1/(1+D7) -> 0.99600965 | F7: =EXP((Result!G$6+B7-Result!P$6)/H$2) -> 0.0015741328
A8: 12.08 | B8: 1.404693 | C8: =EXP(B8/H$2) -> 10.663165 | D8: =EXP(1/H$2*(B8-H$4-J$6)) -> 0.004012015 | E8: =1/(1+D8) -> 0.99600402 | F8: =EXP((Result!G$6+B8-Result!P$6)/H$2) -> 0.0015763623 | I8: max | J8: =MAX(D:D) -> 114.57137
A9: 12.09 | B9: 0.906654 | C9: =EXP(B9/H$2) -> 4.6072881 | D9: =EXP(1/H$2*(B9-H$4-J$6)) -> 0.0017334918 | E9: =1/(1+D9) -> 0.99826951 | F9: =EXP((Result!G$6+B9-Result!P$6)/H$2) -> 0.00068110691 | I9: 1/<Y> | J9: =1/(1+AVERAGE(D:D)) -> 0.84355492
A10: 12.1 | B10: -1.330997 | C10: =EXP(B10/H$2) -> 0.10617958 | D10: =EXP(1/H$2*(B10-H$4-J$6)) -> 3.995006e-05 | E10: =1/(1+D10) -> 0.99996005 | F10: =EXP((Result!G$6+B10-Result!P$6)/H$2) -> 1.5696793e-05 | G10: =VAR(F:F) -> 1.5541224 | H10: Var(q) | I10: <1/y> | J10: =AVERAGE(E:E) -> 0.97755067
A11: 12.11 | B11: 0.241981 | C11: =EXP(B11/H$2) -> 1.5033841 | D11: =EXP(1/H$2*(B11-H$4-J$6)) -> 0.00056564814 | E11: =1/(1+D11) -> 0.99943467 | F11: =EXP((Result!G$6+B11-Result!P$6)/H$2) -> 0.00022224902
A12: 12.12 | B12: -2.695281 | C12: =EXP(B12/H$2) -> 0.010659191 | D12: =EXP(1/H$2*(B12-H$4-J$6)) -> 4.0105197e-06 | E12: =1/(1+D12) -> 0.99999599 | F12: =EXP((Result!G$6+B12-Result!P$6)/H$2) -> 1.5757748e-06
A13: 12.13 | B13: -1.102937 | C13: =EXP(B13/H$2) -> 0.15592805 | D13: =EXP(1/H$2*(B13-H$4-J$6)) -> 5.8667918e-05 | E13: =1/(1+D13) -> 0.99994134 | F13: =EXP((Result!G$6+B13-Result!P$6)/H$2) -> 2.3051233e-05
A14: 12.14 | B14: 1.399608 | C14: =EXP(B14/H$2) -> 10.572195 | D14: =EXP(1/H$2*(B14-H$4-J$6)) -> 0.0039777876 | E14: =1/(1+D14) -> 0.99603797 | F14: =EXP((Result!G$6+B14-Result!P$6)/H$2) -> 0.001562914
A15: 12.15 | B15: -0.667905 | C15: =EXP(B15/H$2) -> 0.32453351 | D15: =EXP(1/H$2*(B15-H$4-J$6)) -> 0.00012210571 | E15: =1/(1+D15) -> 0.99987791 | F15: =EXP((Result!G$6+B15-Result!P$6)/H$2) -> 4.7976599e-05
A16: 12.16 | B16: -1.045125 | C16: =EXP(B16/H$2) -> 0.17188116 | D16: =EXP(1/H$2*(B16-H$4-J$6)) -> 6.4670272e-05 | E16: =1/(1+D16) -> 0.99993533 | F16: =EXP((Result!G$6+B16-Result!P$6)/H$2) -> 2.5409621e-05
A17: 12.17 | B17: -0.492005 | C17: =EXP(B17/H$2) -> 0.43649033 | D17: =EXP(1/H$2*(B17-H$4-J$6)) -> 0.00016422945 | E17: =1/(1+D17) -> 0.9998358 | F17: =EXP((Result!G$6+B17-Result!P$6)/H$2) -> 6.4527456e-05
A18: 12.18 | B18: -2.848948 | C18: =EXP(B18/H$2) -> 0.0082276951 | D18: =EXP(1/H$2*(B18-H$4-J$6)) -> 3.0956696e-06 | E18: =1/(1+D18) -> 0.9999969 | F18: =EXP((Result!G$6+B18-Result!P$6)/H$2) -> 1.2163207e-06
A19: 12.19 | B19: -0.875883 | C19: =EXP(B19/H$2) -> 0.22859743 | D19: =EXP(1/H$2*(B19-H$4-J$6)) -> 8.6009766e-05 | E19: =1/(1+D19) -> 0.999914 | F19: =EXP((Result!G$6+B19-Result!P$6)/H$2) -> 3.3794129e-05
A20: 12.2 | B20: -0.471876 | C20: =EXP(B20/H$2) -> 0.45154814 | D20: =EXP(1/H$2*(B20-H$4-J$6)) -> 0.00016989495 | E20: =1/(1+D20) -> 0.99983013 | F20: =EXP((Result!G$6+B20-Result!P$6)/H$2) -> 6.6753488e-05
A21: 12.21 | B21: -0.936903 | C21: =EXP(B21/H$2) -> 0.20626231 | D21: =EXP(1/H$2*(B21-H$4-J$6)) -> 7.7606178e-05 | E21: =1/(1+D21) -> 0.9999224 | F21: =EXP((Result!G$6+B21-Result!P$6)/H$2) -> 3.0492272e-05
A22: 12.22 | B22: -1.981363 | C22: =EXP(B22/H$2) -> 0.035492351 | D22: =EXP(1/H$2*(B22-H$4-J$6)) -> 1.3353994e-05 | E22: =1/(1+D22) -> 0.99998665 | F22: =EXP((Result!G$6+B22-Result!P$6)/H$2) -> 5.2469228e-06
... A3600: 48 | B3600: -1.943523 | C3600: =EXP(B3600/H$2) -> 0.037828946 | D3600: =EXP(1/H$2*(B3600-H$4-J$6)) -> 1.4233138e-05 | E3600: =1/(1+D3600) -> 0.99998577 | F3600: =EXP((Result!G$6+B3600-Result!P$6)/H$2) -> 5.5923475e-06

Sheet JZ3
A1: 12.01 | B1: 0.740977 | C1: =EXP(B1/H$2) -> 3.4850659 | D1: =EXP(1/H$2*(B1-H$4-J$6)) -> 5.825347e-05 | E1: =1/(1+D1) -> 0.99994175 | F1: =EXP((Result!G$7+B1-Result!P$7)/H$2) -> 0.015373172 | G1: ave | H1: =AVERAGE(B:B) -> -0.0064097875
A2: 12.02 | B2: 0.738432 | C2: =EXP(B2/H$2) -> 3.4701535 | D2: =EXP(1/H$2*(B2-H$4-J$6)) -> 5.8004207e-05 | E2: =1/(1+D2) -> 0.999942 | F2: =EXP((Result!G$7+B2-Result!P$7)/H$2) -> 0.015307391 | G2: kT(kcal/mol) | H2: 0.5935
A3: 12.03 | B3: -2.474532 | C3: =EXP(B3/H$2) -> 0.015461714 | D3: =EXP(1/H$2*(B3-H$4-J$6)) -> 2.5844518e-07 | E3: =1/(1+D3) -> 0.99999974 | F3: =EXP((Result!G$7+B3-Result!P$7)/H$2) -> 6.8204044e-05 | G3: ave | H3: =AVERAGE(C:C) -> 11095.267
A4: 12.04 | B4: -2.767317 | C4: =EXP(B4/H$2) -> 0.009440865 | D4: =EXP(1/H$2*(B4-H$4-J$6)) -> 1.5780567e-07 | E4: =1/(1+D4) -> 0.99999984 | F4: =EXP((Result!G$7+B4-Result!P$7)/H$2) -> 4.1645135e-05 | G4: -TDS | H4: =H2*LN(H3) -> 5.5280215
A5: 12.05 | B5: -3.829931 | C5: =EXP(B5/H$2) -> 0.0015755873 | D5: =EXP(1/H$2*(B5-H$4-J$6)) -> 2.633621e-08 | E5: =1/(1+D5) -> 0.99999997 | F5: =EXP((Result!G$7+B5-Result!P$7)/H$2) -> 6.9501623e-06
A6: 12.06 | B6: 6.16737 | C6: =EXP(B6/H$2) -> 32582.312 | D6: =EXP(1/H$2*(B6-H$4-J$6)) -> 0.5446189 | E6: =1/(1+D6) -> 0.64740888 | F6: =EXP((Result!G$7+B6-Result!P$7)/H$2) -> 143.72569 | I6: relaxization | J6: 1
A7: 12.07 | B7: -1.745275 | C7: =EXP(B7/H$2) -> 0.052831446 | D7: =EXP(1/H$2*(B7-H$4-J$6)) -> 8.8308663e-07 | E7: =1/(1+D7) -> 0.99999912 | F7: =EXP((Result!G$7+B7-Result!P$7)/H$2) -> 0.00023304779
A8: 12.08 | B8: -4.048325 | C8: =EXP(B8/H$2) -> 0.0010905167 | D8: =EXP(1/H$2*(B8-H$4-J$6)) -> 1.8228173e-08 | E8: =1/(1+D8) -> 0.99999998 | F8: =EXP((Result!G$7+B8-Result!P$7)/H$2) -> 4.8104402e-06 | J8: max | K8: =MAX(D:D) -> 339.20477
A9: 12.09 | B9: -2.581819 | C9: =EXP(B9/H$2) -> 0.012904769 | D9: =EXP(1/H$2*(B9-H$4-J$6)) -> 2.157054e-07 | E9: =1/(1+D9) -> 0.99999978 | F9: =EXP((Result!G$7+B9-Result!P$7)/H$2) -> 5.6924956e-05 | J9: 1/<Y> | K9: =1/(1+AVERAGE(D:D)) -> 0.84355492
A10: 12.1 | B10: -0.695421 | C10: =EXP(B10/H$2) -> 0.30983086 | D10: =EXP(1/H$2*(B10-H$4-J$6)) -> 5.1788757e-06 | E10: =1/(1+D10) -> 0.99999482 | F10: =EXP((Result!G$7+B10-Result!P$7)/H$2) -> 0.0013667125 | G10: =VAR(F:F) -> 2690605.9 | H10: Var(q) | J10: <1/y> | K10: =AVERAGE(E:E) -> 0.98889151
A11: 12.11 | B11: -0.489241 | C11: =EXP(B11/H$2) -> 0.43852786 | D11: =EXP(1/H$2*(B11-H$4-J$6)) -> 7.3300679e-06 | E11: =1/(1+D11) -> 0.99999267 | F11: =EXP((Result!G$7+B11-Result!P$7)/H$2) -> 0.0019344151
A12: 12.12 | B12: 1.667111 | C12: =EXP(B12/H$2) -> 16.592464 | D12: =EXP(1/H$2*(B12-H$4-J$6)) -> 0.00027734586 | E12: =1/(1+D12) -> 0.99972273 | F12: =EXP((Result!G$7+B12-Result!P$7)/H$2) -> 0.073191958
A13: 12.13 | B13: -3.306298 | C13: =EXP(B13/H$2) -> 0.0038072524 | D13: =EXP(1/H$2*(B13-H$4-J$6)) -> 6.3638872e-08 | E13: =1/(1+D13) -> 0.99999994 | F13: =EXP((Result!G$7+B13-Result!P$7)/H$2) -> 1.6794387e-05
A14: 12.14 | B14: -5.139733 | C14: =EXP(B14/H$2) -> 0.00017337759 | D14: =EXP(1/H$2*(B14-H$4-J$6)) -> 2.8980359e-09 | E14: =1/(1+D14) -> 1 | F14: =EXP((Result!G$7+B14-Result!P$7)/H$2) -> 7.6479571e-07
A15: 12.15 | B15: -0.48308 | C15: =EXP(B15/H$2) -> 0.44310384 | D15: =EXP(1/H$2*(B15-H$4-J$6)) -> 7.4065562e-06 | E15: =1/(1+D15) -> 0.99999259 | F15: =EXP((Result!G$7+B15-Result!P$7)/H$2) -> 0.0019546005
A16: 12.16 | B16: 0.353508 | C16: =EXP(B16/H$2) -> 1.8141784 | D16: =EXP(1/H$2*(B16-H$4-J$6)) -> 3.0324301e-05 | E16: =1/(1+D16) -> 0.99996968 | F16: =EXP((Result!G$7+B16-Result!P$7)/H$2) -> 0.0080026252
A17: 12.17 | B17: -1.679991 | C17: =EXP(B17/H$2) -> 0.058974485 | D17: =EXP(1/H$2*(B17-H$4-J$6)) -> 9.8576857e-07 | E17: =1/(1+D17) -> 0.99999901 | F17: =EXP((Result!G$7+B17-Result!P$7)/H$2) -> 0.0002601457
A18: 12.18 | B18: -0.053398 | C18: =EXP(B18/H$2) -> 0.91395736 | D18: =EXP(1/H$2*(B18-H$4-J$6)) -> 1.5276953e-05 | E18: =1/(1+D18) -> 0.99998472 | F18: =EXP((Result!G$7+B18-Result!P$7)/H$2) -> 0.0040316092
A19: 12.19 | B19: 3.223257 | C19: =EXP(B19/H$2) -> 228.36154 | D19: =EXP(1/H$2*(B19-H$4-J$6)) -> 0.0038171021 | E19: =1/(1+D19) -> 0.99619741 | F19: =EXP((Result!G$7+B19-Result!P$7)/H$2) -> 1.0073385
A20: 12.2 | B20: 1.099552 | C20: =EXP(B20/H$2) -> 6.3767408 | D20: =EXP(1/H$2*(B20-H$4-J$6)) -> 0.00010658831 | E20: =1/(1+D20) -> 0.99989342 | F20: =EXP((Result!G$7+B20-Result!P$7)/H$2) -> 0.028128803
A21: 12.21 | B21: 2.285474 | C21: =EXP(B21/H$2) -> 47.03259 | D21: =EXP(1/H$2*(B21-H$4-J$6)) -> 0.00078615776 | E21: =1/(1+D21) -> 0.99921446 | F21: =EXP((Result!G$7+B21-Result!P$7)/H$2) -> 0.20746813
A22: 12.22 | B22: -1.318793 | C22: =EXP(B22/H$2) -> 0.10838553 | D22: =EXP(1/H$2*(B22-H$4-J$6)) -> 1.8116827e-06 | E22: =1/(1+D22) -> 0.99999819 | F22: =EXP((Result!G$7+B22-Result!P$7)/H$2) -> 0.00047810557
... A3600: 48 | B3600: -0.65696 | C3600: =EXP(B3600/H$2) -> 0.33057391 | D3600: =EXP(1/H$2*(B3600-H$4-J$6)) -> 5.5255992e-06 | E3600: =1/(1+D3600) -> 0.99999447 | F3600: =EXP((Result!G$7+B3600-Result!P$7)/H$2) -> 0.0014582133

Sheet JZ4
A1: 12.01 | B1: -1.685771 | C1: =EXP(B1/H$2) -> 0.05840293 | D1: =EXP(1/H$2*(B1-H$4-J$6)) -> 2.5601804e-06 | E1: =1/(1+D1) -> 0.99999744 | F1: =EXP((Result!G$8+B1-Result!P$8)/H$2) -> 2.8612241e-06 | G1: ave | H1: =AVERAGE(B:B) -> -0.0080543036
A2: 12.02 | B2: 4.165812 | C2: =EXP(B2/H$2) -> 1117.7352 | D2: =EXP(1/H$2*(B2-H$4-J$6)) -> 0.048997608 | E2: =1/(1+D2) -> 0.95329102 | F2: =EXP((Result!G$8+B2-Result!P$8)/H$2) -> 0.054759085 | G2: kT(kcal/mol) | H2: 0.5935
A3: 12.03 | B3: 0.457261 | C3: =EXP(B3/H$2) -> 2.1607345 | D3: =EXP(1/H$2*(B3-H$4-J$6)) -> 9.4719049e-05 | E3: =1/(1+D3) -> 0.99990529 | F3: =EXP((Result!G$8+B3-Result!P$8)/H$2) -> 0.00010585677 | G3: ave | H3: =AVERAGE(C:C) -> 4230.7038
A4: 12.04 | B4: -1.071238 | C4: =EXP(B4/H$2) -> 0.16448263 | D4: =EXP(1/H$2*(B4-H$4-J$6)) -> 7.2103439e-06 | E4: =1/(1+D4) -> 0.99999279 | F4: =EXP((Result!G$8+B4-Result!P$8)/H$2) -> 8.0581859e-06 | G4: -TDS | H4: =H2*LN(H3) -> 4.9557984
A5: 12.05 | B5: 0.340313 | C5: =EXP(B5/H$2) -> 1.7742897 | D5: =EXP(1/H$2*(B5-H$4-J$6)) -> 7.7778661e-05 | E5: =1/(1+D5) -> 0.99992223 | F5: =EXP((Result!G$8+B5-Result!P$8)/H$2) -> 8.6924413e-05
A6: 12.06 | B6: 2.541835 | C6: =EXP(B6/H$2) -> 72.442167 | D6: =EXP(1/H$2*(B6-H$4-J$6)) -> 0.0031756115 | E6: =1/(1+D6) -> 0.99683444 | F6: =EXP((Result!G$8+B6-Result!P$8)/H$2) -> 0.0035490218 | I6: relaxization | J6: 1
A7: 12.07 | B7: -0.906629 | C7: =EXP(B7/H$2) -> 0.21705656 | D7: =EXP(1/H$2*(B7-H$4-J$6)) -> 9.5150014e-06 | E7: =1/(1+D7) -> 0.99999049 | F7: =EXP((Result!G$8+B7-Result!P$8)/H$2) -> 1.0633841e-05
A8: 12.08 | B8: -4.165224 | C8: =EXP(B8/H$2) -> 0.00089555306 | D8: =EXP(1/H$2*(B8-H$4-J$6)) -> 3.9257918e-08 | E8: =1/(1+D8) -> 0.99999996 | F8: =EXP((Result!G$8+B8-Result!P$8)/H$2) -> 4.3874134e-08 | J8: max | K8: =MAX(D:D) -> 547.18828
A9: 12.09 | B9: -0.963961 | C9: =EXP(B9/H$2) -> 0.19706983 | D9: =EXP(1/H$2*(B9-H$4-J$6)) -> 8.6388529e-06 | E9: =1/(1+D9) -> 0.99999136 | F9: =EXP((Result!G$8+B9-Result!P$8)/H$2) -> 9.6546689e-06 | J9: 1/<Y> | K9: =1/(1+AVERAGE(D:D)) -> 0.84355492
A10: 12.1 | B10: -0.742735 | C10: =EXP(B10/H$2) -> 0.28608994 | D10: =EXP(1/H$2*(B10-H$4-J$6)) -> 1.2541184e-05 | E10: =1/(1+D10) -> 0.99998746 | F10: =EXP((Result!G$8+B10-Result!P$8)/H$2) -> 1.4015863e-05 | G10: =VAR(F:F) -> 104.11486 | H10: var(q) | J10: <1/y> | K10: =AVERAGE(E:E) -> 0.98982116
A11: 12.11 | B11: 1.95842 | C11: =EXP(B11/H$2) -> 27.106701 | D11: =EXP(1/H$2*(B11-H$4-J$6)) -> 0.0011882631 | E11: =1/(1+D11) -> 0.99881315 | F11: =EXP((Result!G$8+B11-Result!P$8)/H$2) -> 0.0013279872
A12: 12.12 | B12: -2.370377 | C12: =EXP(B12/H$2) -> 0.018427788 | D12: =EXP(1/H$2*(B12-H$4-J$6)) -> 8.0780985e-07 | E12: =1/(1+D12) -> 0.99999919 | F12: =EXP((Result!G$8+B12-Result!P$8)/H$2) -> 9.027977e-07
A13: 12.13 | B13: -1.599104 | C13: =EXP(B13/H$2) -> 0.06758547 | D13: =EXP(1/H$2*(B13-H$4-J$6)) -> 2.9627109e-06 | E13: =1/(1+D13) -> 0.99999704 | F13: =EXP((Result!G$8+B13-Result!P$8)/H$2) -> 3.3110869e-06
A14: 12.14 | B14: -0.217843 | C14: =EXP(B14/H$2) -> 0.69277638 | D14: =EXP(1/H$2*(B14-H$4-J$6)) -> 3.0368896e-05 | E14: =1/(1+D14) -> 0.99996963 | F14: =EXP((Result!G$8+B14-Result!P$8)/H$2) -> 3.393988e-05
A15: 12.15 | B15: -3.616559 | C15: =EXP(B15/H$2) -> 0.00225724 | D15: =EXP(1/H$2*(B15-H$4-J$6)) -> 9.8949514e-08 | E15: =1/(1+D15) -> 0.9999999 | F15: =EXP((Result!G$8+B15-Result!P$8)/H$2) -> 1.1058468e-07
A16: 12.16 | B16: 0.444701 | C16: =EXP(B16/H$2) -> 2.1154882 | D16: =EXP(1/H$2*(B16-H$4-J$6)) -> 9.273561e-05 | E16: =1/(1+D16) -> 0.99990727 | F16: =EXP((Result!G$8+B16-Result!P$8)/H$2) -> 0.0001036401
A17: 12.17 | B17: 2.17593 | C17: =EXP(B17/H$2) -> 39.105687 | D17: =EXP(1/H$2*(B17-H$4-J$6)) -> 0.0017142567 | E17: =1/(1+D17) -> 0.99828868 | F17: =EXP((Result!G$8+B17-Result!P$8)/H$2) -> 0.0019158308
A18: 12.18 | B18: -1.162816 | C18: =EXP(B18/H$2) -> 0.14096384 | D18: =EXP(1/H$2*(B18-H$4-J$6)) -> 6.1793621e-06 | E18: =1/(1+D18) -> 0.99999382 | F18: =EXP((Result!G$8+B18-Result!P$8)/H$2) -> 6.9059742e-06
A19: 12.19 | B19: -1.621548 | C19: =EXP(B19/H$2) -> 0.065077357 | D19: =EXP(1/H$2*(B19-H$4-J$6)) -> 2.852764e-06 | E19: =1/(1+D19) -> 0.99999715 | F19: =EXP((Result!G$8+B19-Result!P$8)/H$2) -> 3.1882117e-06
A20: 12.2 | B20: -1.200396 | C20: =EXP(B20/H$2) -> 0.13231482 | D20: =EXP(1/H$2*(B20-H$4-J$6)) -> 5.8002195e-06 | E20: =1/(1+D20) -> 0.9999942 | F20: =EXP((Result!G$8+B20-Result!P$8)/H$2) -> 6.4822493e-06
A21: 12.21 | B21: 2.890637 | C21: =EXP(B21/H$2) -> 130.38505 | D21: =EXP(1/H$2*(B21-H$4-J$6)) -> 0.0057156251 | E21: =1/(1+D21) -> 0.99431686 | F21: =EXP((Result!G$8+B21-Result!P$8)/H$2) -> 0.0063877077
A22: 12.22 | B22: 2.351606 | C22: =EXP(B22/H$2) -> 52.576429 | D22: =EXP(1/H$2*(B22-H$4-J$6)) -> 0.002304767 | E22: =1/(1+D22) -> 0.99770053 | F22: =EXP((Result!G$8+B22-Result!P$8)/H$2) -> 0.0025757774
... A3600: 48 | B3600: 2.615836 | C3600: =EXP(B3600/H$2) -> 82.061938 | D3600: =EXP(1/H$2*(B3600-H$4-J$6)) -> 0.0035973087 | E3600: =1/(1+D3600) -> 0.99641559 | F3600: =EXP((Result!G$8+B3600-Result!P$8)/H$2) -> 0.004020305

Sheet Lig
A1: 12.01 | B1: -0.668501 | C1: =EXP(B1/H$2) -> 0.32420778 | D1: =EXP(1/H$2*(B1-H$4-J$6)) -> 3.2328219e-06 | E1: =1/(1+D1) -> 0.99999677 | F1: =EXP((Result!G$9+B1-Result!P$9)/H$2) -> 0.00020822932 | G1: ave | H1: =AVERAGE(B:B) -> -0.0050929003 | J1: =MAX(B:B) -> 10.506914
A2: 12.02 | B2: -0.472258 | C2: =EXP(B2/H$2) -> 0.4512576 | D2: =EXP(1/H$2*(B2-H$4-J$6)) -> 4.4996929e-06 | E2: =1/(1+D2) -> 0.9999955 | F2: =EXP((Result!G$9+B2-Result!P$9)/H$2) -> 0.00028982976 | G2: kT(kcal/mol) | H2: 0.5935 | J2: =MIN(B:B) -> -4.862538
A3: 12.03 | B3: -1.996141 | C3: =EXP(B3/H$2) -> 0.034619512 | D3: =EXP(1/H$2*(B3-H$4-J$6)) -> 3.4520676e-07 | E3: =1/(1+D3) -> 0.99999965 | F3: =EXP((Result!G$9+B3-Result!P$9)/H$2) -> 2.2235116e-05 | G3: ave | H3: =AVERAGE(C:C) -> 18599.026 | I3: =MAX(C:C) -> 48803334
A4: 12.04 | B4: 0.179996 | C4: =EXP(B4/H$2) -> 1.3542921 | D4: =EXP(1/H$2*(B4-H$4-J$6)) -> 1.3504257e-05 | E4: =1/(1+D4) -> 0.9999865 | F4: =EXP((Result!G$9+B4-Result!P$9)/H$2) -> 0.0008698228 | G4: -TDS | H4: =H2*LN(H3) -> 5.8346181
A5: 12.05 | B5: 0.666154 | C5: =EXP(B5/H$2) -> 3.0722684 | D5: =EXP(1/H$2*(B5-H$4-J$6)) -> 3.0634973e-05 | E5: =1/(1+D5) -> 0.99996937 | F5: =EXP((Result!G$9+B5-Result!P$9)/H$2) -> 0.0019732295 | J5: =MAX(C:C) -> 48803334
A6: 12.06 | B6: -1.647733 | C6: =EXP(B6/H$2) -> 0.062268585 | D6: =EXP(1/H$2*(B6-H$4-J$6)) -> 6.2090813e-07 | E6: =1/(1+D6) -> 0.99999938 | F6: =EXP((Result!G$9+B6-Result!P$9)/H$2) -> 3.999332e-05 | I6: relaxization | J6: 1
A7: 12.07 | B7: 0.37837 | C7: =EXP(B7/H$2) -> 1.8917894 | D7: =EXP(1/H$2*(B7-H$4-J$6)) -> 1.8863885e-05 | E7: =1/(1+D7) -> 0.99998114 | F7: =EXP((Result!G$9+B7-Result!P$9)/H$2) -> 0.0012150419
A8: 12.08 | B8: 1.214351 | C8: =EXP(B8/H$2) -> 7.7375434 | D8: =EXP(1/H$2*(B8-H$4-J$6)) -> 7.7154533e-05 | E8: =1/(1+D8) -> 0.99992285 | F8: =EXP((Result!G$9+B8-Result!P$9)/H$2) -> 0.0049696014 | J8: max | K8: =MAX(D:D) -> 486.64004
A9: 12.09 | B9: -2.739803 | C9: =EXP(B9/H$2) -> 0.0098888366 | D9: =EXP(1/H$2*(B9-H$4-J$6)) -> 9.8606047e-08 | E9: =1/(1+D9) -> 0.9999999 | F9: =EXP((Result!G$9+B9-Result!P$9)/H$2) -> 6.351315e-06 | J9: 1/<Y> | K9: =1/(1+AVERAGE(D:D)) -> 0.84355492
A10: 12.1 | B10: 0.875994 | C10: =EXP(B10/H$2) -> 4.3753205 | D10: =EXP(1/H$2*(B10-H$4-J$6)) -> 4.3628293e-05 | E10: =1/(1+D10) -> 0.99995637 | F10: =EXP((Result!G$9+B10-Result!P$9)/H$2) -> 0.0028101424 | G10: =VAR(F:F) -> 305482.54 | H10: var(q) | J10: <1/y> | K10: =AVERAGE(E:E) -> 0.99776975
A11: 12.11 | B11: 1.051713 | C11: =EXP(B11/H$2) -> 5.8829141 | D11: =EXP(1/H$2*(B11-H$4-J$6)) -> 5.8661188e-05 | E11: =1/(1+D11) -> 0.99994134 | F11: =EXP((Result!G$9+B11-Result!P$9)/H$2) -> 0.0037784264
A12: 12.12 | B12: 2.637452 | C12: =EXP(B12/H$2) -> 85.105829 | D12: =EXP(1/H$2*(B12-H$4-J$6)) -> 0.00084862859 | E12: =1/(1+D12) -> 0.99915209 | F12: =EXP((Result!G$9+B12-Result!P$9)/H$2) -> 0.054661024
A13: 12.13 | B13: 0.553229 | C13: =EXP(B13/H$2) -> 2.5399556 | D13: =EXP(1/H$2*(B13-H$4-J$6)) -> 2.5327042e-05 | E13: =1/(1+D13) -> 0.99997467 | F13: =EXP((Result!G$9+B13-Result!P$9)/H$2) -> 0.0016313403
A14: 12.14 | B14: -3.401025 | C14: =EXP(B14/H$2) -> 0.0032456004 | D14: =EXP(1/H$2*(B14-H$4-J$6)) -> 3.2363344e-08 | E14: =1/(1+D14) -> 0.99999997 | F14: =EXP((Result!G$9+B14-Result!P$9)/H$2) -> 2.0845557e-06
A15: 12.15 | B15: -0.295278 | C15: =EXP(B15/H$2) -> 0.60803685 | D15: =EXP(1/H$2*(B15-H$4-J$6)) -> 6.0630095e-06 | E15: =1/(1+D15) -> 0.99999394 | F15: =EXP((Result!G$9+B15-Result!P$9)/H$2) -> 0.00039052456
A16: 12.16 | B16: -3.389572 | C16: =EXP(B16/H$2) -> 0.0033088402 | D16: =EXP(1/H$2*(B16-H$4-J$6)) -> 3.2993937e-08 | E16: =1/(1+D16) -> 0.99999997 | F16: =EXP((Result!G$9+B16-Result!P$9)/H$2) -> 2.1251728e-06
A17: 12.17 | B17: 0.60609 | C17: =EXP(B17/H$2) -> 2.7765611 | D17: =EXP(1/H$2*(B17-H$4-J$6)) -> 2.7686342e-05 | E17: =1/(1+D17) -> 0.99997231 | F17: =EXP((Result!G$9+B17-Result!P$9)/H$2) -> 0.0017833053
A18: 12.18 | B18: -1.348248 | C18: =EXP(B18/H$2) -> 0.10313773 | D18: =EXP(1/H$2*(B18-H$4-J$6)) -> 1.0284328e-06 | E18: =1/(1+D18) -> 0.99999897 | F18: =EXP((Result!G$9+B18-Result!P$9)/H$2) -> 6.6242396e-05
A19: 12.19 | B19: -0.042595 | C19: =EXP(B19/H$2) -> 0.93074572 | D19: =EXP(1/H$2*(B19-H$4-J$6)) -> 9.2808851e-06 | E19: =1/(1+D19) -> 0.99999072 | F19: =EXP((Result!G$9+B19-Result!P$9)/H$2) -> 0.00059779118
A20: 12.2 | B20: 2.472946 | C20: =EXP(B20/H$2) -> 64.503281 | D20: =EXP(1/H$2*(B20-H$4-J$6)) -> 0.00064319129 | E20: =1/(1+D20) -> 0.99935722 | F20: =EXP((Result!G$9+B20-Result!P$9)/H$2) -> 0.0414286
A21: 12.21 | B21: -3.371629 | C21: =EXP(B21/H$2) -> 0.0034104023 | D21: =EXP(1/H$2*(B21-H$4-J$6)) -> 3.4006659e-08 | E21: =1/(1+D21) -> 0.99999997 | F21: =EXP((Result!G$9+B21-Result!P$9)/H$2) -> 2.1904032e-06
A22: 12.22 | B22: 1.733726 | C22: =EXP(B22/H$2) -> 18.563356 | D22: =EXP(1/H$2*(B22-H$4-J$6)) -> 0.00018510359 | E22: =1/(1+D22) -> 0.99981493 | F22: =EXP((Result!G$9+B22-Result!P$9)/H$2) -> 0.011922709
... A3600: 48 | B3600: 2.163142 | C3600: =EXP(B3600/H$2) -> 38.272099 | D3600: =EXP(1/H$2*(B3600-H$4-J$6)) -> 0.00038162835 | E3600: =1/(1+D3600) -> 0.99961852 | F3600: =EXP((Result!G$9+B3600-Result!P$9)/H$2) -> 0.024581067

Sheet Error_Test
A1: 13.01 | B1: 0.314066 | C1: =B1-3.775 -> -3.460934 | D1: =EXP(H$2*C1) -> 0.0029339759 | E1: =1+D1 -> 1.002934 | F1: =1/E1 -> 0.99707461 | G1: kT | H1: 0.5935 | I1: CAO
A2: 13.02 | B2: 1.82497 | C2: =B2-3.775 -> -1.95003 | D2: =EXP(H$2*C2) -> 0.037416463 | E2: =1+D2 -> 1.0374165 | F2: =1/E2 -> 0.96393304 | G2: beta | H2: =1/H1 -> 1.68492
A3: 13.03 | B3: -1.674021 | C3: =B3-3.775 -> -5.449021 | D3: =EXP(H$2*C3) -> 0.00010296059 | E3: =1+D3 -> 1.000103 | F3: =1/E3 -> 0.99989705
A4: 13.04 | B4: 2.036888 | C4: =B4-3.775 -> -1.738112 | D4: =EXP(H$2*C4) -> 0.053472937 | E4: =1+D4 -> 1.0534729 | F4: =1/E4 -> 0.94924128 | H4: 1/<Y-1> | I4: =1/AVERAGE(E:E) -> 0.48573581
A5: 13.05 | B5: -1.682318 | C5: =B5-3.775 -> -5.457318 | D5: =EXP(H$2*C5) -> 0.00010153124 | E5: =1+D5 -> 1.0001015 | F5: =1/E5 -> 0.99989848 | H5: <1/Y> | I5: =AVERAGE(F:F) -> 0.96111021
A6: 13.06 | B6: -1.321495 | C6: =B6-3.775 -> -5.096495 | D6: =EXP(H$2*C6) -> 0.00018648007 | E6: =1+D6 -> 1.0001865 | F6: =1/E6 -> 0.99981355
A7: 13.07 | B7: -0.260692 | C7: =B7-3.775 -> -4.035692 | D7: =EXP(H$2*C7) -> 0.0011139778 | E7: =1+D7 -> 1.001114 | F7: =1/E7 -> 0.99888726 | J7: =MAX(D:D) -> 2296.3047
A8: 13.08 | B8: -0.129584 | C8: =B8-3.775 -> -3.904584 | D8: =EXP(H$2*C8) -> 0.0013893607 | E8: =1+D8 -> 1.0013894 | F8: =1/E8 -> 0.99861257 | J8: =COUNTIF(D:D,">100") -> 6
A9: 13.09 | B9: -1.778126 | C9: =B9-3.775 -> -5.553126 | D9: =EXP(H$2*C9) -> 8.6395681e-05 | E9: =1+D9 -> 1.0000864 | F9: =1/E9 -> 0.99991361 | J9: {=_xlfn._xlws.FILTER(ADDRESS(ROW(D1:D10000),COLUMN(D1:D10000),4),D1:D10000>100)} -> D114
A10: 13.1 | B10: 0.003491 | C10: =B10-3.775 -> -3.771509 | D10: =EXP(H$2*C10) -> 0.0017385727 | E10: =1+D10 -> 1.0017386 | F10: =1/E10 -> 0.99826444 | J10: D208
A11: 13.11 | B11: 0.295364 | C11: =B11-3.775 -> -3.479636 | D11: =EXP(H$2*C11) -> 0.0028429638 | E11: =1+D11 -> 1.002843 | F11: =1/E11 -> 0.9971651 | J11: D721
A12: 13.12 | B12: -0.282662 | C12: =B12-3.775 -> -4.057662 | D12: =EXP(H$2*C12) -> 0.0010734949 | E12: =1+D12 -> 1.0010735 | F12: =1/E12 -> 0.99892766 | J12: D1734
A13: 13.13 | B13: -1.180601 | C13: =B13-3.775 -> -4.955601 | D13: =EXP(H$2*C13) -> 0.00023644591 | E13: =1+D13 -> 1.0002364 | F13: =1/E13 -> 0.99976361 | J13: D2519
A14: 13.14 | B14: 0.80171 | C14: =B14-3.775 -> -2.97329 | D14: =EXP(H$2*C14) -> 0.0066725333 | E14: =1+D14 -> 1.0066725 | F14: =1/E14 -> 0.99337169 | J14: D2779
A15: 13.15 | B15: -1.025757 | C15: =B15-3.775 -> -4.800757 | D15: =EXP(H$2*C15) -> 0.00030692985 | E15: =1+D15 -> 1.0003069 | F15: =1/E15 -> 0.99969316
A16: 13.16 | B16: -0.173291 | C16: =B16-3.775 -> -3.948291 | D16: =EXP(H$2*C16) -> 0.001290721 | E16: =1+D16 -> 1.0012907 | F16: =1/E16 -> 0.99871094
A17: 13.17 | B17: 1.519108 | C17: =B17-3.775 -> -2.255892 | D17: =EXP(H$2*C17) -> 0.022348469 | E17: =1+D17 -> 1.0223485 | F17: =1/E17 -> 0.97814007
A18: 13.18 | B18: 0.981561 | C18: =B18-3.775 -> -2.793439 | D18: =EXP(H$2*C18) -> 0.0090343514 | E18: =1+D18 -> 1.0090344 | F18: =1/E18 -> 0.99104654
A19: 13.19 | B19: 1.453997 | C19: =B19-3.775 -> -2.321003 | D19: =EXP(H$2*C19) -> 0.020026392 | E19: =1+D19 -> 1.0200264 | F19: =1/E19 -> 0.98036679
A20: 13.2 | B20: 2.686629 | C20: =B20-3.775 -> -1.088371 | D20: =EXP(H$2*C20) -> 0.15980227 | E20: =1+D20 -> 1.1598023 | F20: =1/E20 -> 0.86221593
A21: 13.21 | B21: 0.409472 | C21: =B21-3.775 -> -3.365528 | D21: =EXP(H$2*C21) -> 0.003445641 | E21: =1+D21 -> 1.0034456 | F21: =1/E21 -> 0.99656619
A22: 13.22 | B22: -1.337637 | C22: =B22-3.775 -> -5.112637 | D22: =EXP(H$2*C22) -> 0.00018147654 | E22: =1+D22 -> 1.0001815 | F22: =1/E22 -> 0.99981856
A23: 13.23 | B23: 0.175352 | C23: =B23-3.775 -> -3.599648 | D23: =EXP(H$2*C23) -> 0.0023224821 | E23: =1+D23 -> 1.0023225 | F23: =1/E23 -> 0.9976829
A24: 13.24 | B24: -0.421794 | C24: =B24-3.775 -> -4.196794 | D24: =EXP(H$2*C24) -> 0.00084916079 | E24: =1+D24 -> 1.0008492 | F24: =1/E24 -> 0.99915156
A25: 13.25 | B25: -0.319116 | C25: =B25-3.775 -> -4.094116 | D25: =EXP(H$2*C25) -> 0.0010095427 | E25: =1+D25 -> 1.0010095 | F25: =1/E25 -> 0.99899148
A26: 13.26 | B26: -1.316471 | C26: =B26-3.775 -> -5.091471 | D26: =EXP(H$2*C26) -> 0.00018806533 | E26: =1+D26 -> 1.0001881 | F26: =1/E26 -> 0.99981197
... A3400: 47 | B3400: -0.627666 | C3400: =B3400-3.775 -> -4.402666 | D3400: =EXP(H$2*C3400) -> 0.00060026469 | E3400: =1+D3400 -> 1.0006003 | F3400: =1/E3400 -> 0.9994001
